path	sample_raw	sample	id_index	sample_group	raw_total_sequences	trimmed_reads_path	trimmed_total_sequences	trimmed_percent_sequences	star_aln_out	Uniquely_mapped_reads_%	Uniquely_mapped_reads_number	total_alligned_read_n	saap	total_alligned_read_n_new	saap_new
../Pecs_raw_reads/20211002_rawData_quantseq_extra//M1_S41_R1_001.fastq.gz	M1_S41_R1_001	M1_extra	M1extra	M	4198943	trimmed_reads/M1_extra_trimmed.fastq.gz	4134465	0.984644230702822	STAR_align/M1_extra_trimmed.	62.22	2572608	5899723	41.87586434142755	5899723	42.72054806640922
../Pecs_raw_reads/20211019_rawData_quantseq//M1_S51_R1_001.fastq.gz	M1_S51_R1_001	M1	M1	M	8264733	trimmed_reads/M1_trimmed.fastq.gz	8096011	0.97958530541761	STAR_align/M1_trimmed.	64.59	5229171	12210941	41.076482148263594	12210941	41.92029099149689
../Pecs_raw_reads/20211019_rawData_quantseq//M2_S59_R1_001.fastq.gz	M2_S59_R1_001	M2	M2	M	11372987	trimmed_reads/M2_trimmed.fastq.gz	11191203	0.9840161603983192	STAR_align/M2_trimmed.	85.92	9614952	12944015	70.42452438443559	12944015	71.78489054593958
../Pecs_raw_reads/20210114_rawData/rawData//CR-1.fastq.gz	CR-1	CR-1	CR1	CR	14594545	trimmed_reads/CR-1_trimmed.fastq.gz	14320732	0.9812386751351276	STAR_align/CR-1_trimmed.	86.33	12362785	14290221	82.26023236449598	14290221	83.68562669534641
../Pecs_raw_reads/20210114_rawData/rawData//CR-2.fastq.gz	CR-2	CR-2	CR2	CR	14688253	trimmed_reads/CR-2_trimmed.fastq.gz	14406352	0.980807724376752	STAR_align/CR-2_trimmed.	87.22	12565870	14574358	81.47612402549738	14574358	83.11293025737395
../Pecs_raw_reads/20210114_rawData/rawData//CR-3.fastq.gz	CR-3	CR-3	CR3	CR	12373255	trimmed_reads/CR-3_trimmed.fastq.gz	12120167	0.9795455601618168	STAR_align/CR-3_trimmed.	90.46	10964042	11573041	91.15922945403892	11573041	92.15544125351323
../Pecs_raw_reads/20211019_rawData_quantseq//Cu1_S78_R1_001.fastq.gz	Cu1_S78_R1_001	Cu1	Cu1	Cu	11433383	trimmed_reads/Cu1_trimmed.fastq.gz	11175807	0.9774715847444276	STAR_align/Cu1_trimmed.	74.12	8283127	13820934	55.6935443002622	13820934	56.99484564501937
../Pecs_raw_reads/20211019_rawData_quantseq//Cu2_S64_R1_001.fastq.gz	Cu2_S64_R1_001	Cu2	Cu2	Cu	11130059	trimmed_reads/Cu2_trimmed.fastq.gz	10967829	0.9854241563319656	STAR_align/Cu2_trimmed.	71.2	7808939	13664702	54.58793759278468	13664702	55.62046651291773
../Pecs_raw_reads/20211019_rawData_quantseq//Cu3_S80_R1_001.fastq.gz	Cu3_S80_R1_001	Cu3	Cu3	Cu	12043576	trimmed_reads/Cu3_trimmed.fastq.gz	11751404	0.975740427926058	STAR_align/Cu3_trimmed.	74.99	8812888	13920056	60.37207034224576	13920056	61.49111038059042
../Pecs_raw_reads/20210114_rawData/rawData//DR-1.fastq.gz	DR-1	DR-1	DR1	DR	14337905	trimmed_reads/DR-1_trimmed.fastq.gz	13974361	0.9746445523247644	STAR_align/DR-1_trimmed.	82.88	11582267	15124256	72.56161228691184	15124256	74.13864853914136
../Pecs_raw_reads/20210114_rawData/rawData//DR-2.fastq.gz	DR-2	DR-2	DR2	DR	15415850	trimmed_reads/DR-2_trimmed.fastq.gz	15018219	0.9742063525527298	STAR_align/DR-2_trimmed.	87.46	13134526	14789937	82.90000153482737	14789937	85.45064120286652
../Pecs_raw_reads/20210114_rawData/rawData//DR-3.fastq.gz	DR-3	DR-3	DR3	DR	13914856	trimmed_reads/DR-3_trimmed.fastq.gz	13772340	0.98975799677697	STAR_align/DR-3_trimmed.	68.34	9411608	18551299	48.156385167421426	18551299	49.56080973089809
../Pecs_raw_reads/20211019_rawData_quantseq//HK_1_S38_R1_001.fastq.gz	HK_1_S38_R1_001	HK_1	HK1	HK	13642369	trimmed_reads/HK_1_trimmed.fastq.gz	13455117	0.9862742314036512	STAR_align/HK_1_trimmed.	73.76	9925070	18047926	53.21727272153044	18047926	53.945289890927086
../Pecs_raw_reads/20211019_rawData_quantseq//HK_2_S56_R1_001.fastq.gz	HK_2_S56_R1_001	HK_2	HK2	HK	9317681	trimmed_reads/HK_2_trimmed.fastq.gz	9158053	0.982868269476064	STAR_align/HK_2_trimmed.	71.6	6556877	12948923	49.65417587238722	12948923	50.23398471054311
../Pecs_raw_reads/20211019_rawData_quantseq//HK_3_S49_R1_001.fastq.gz	HK_3_S49_R1_001	HK_3	HK3	HK	13150407	trimmed_reads/HK_3_trimmed.fastq.gz	12706422	0.9662379270846904	STAR_align/HK_3_trimmed.	57.46	7301560	20511266	35.14824974723647	20511266	35.54311567116335
../Pecs_raw_reads/20211019_rawData_quantseq//C43_1_S79_R1_001.fastq.gz	C43_1_S79_R1_001	C43_1	C431	C43	10216278	trimmed_reads/C43_1_trimmed.fastq.gz	9949241	0.9738616157469482	STAR_align/C43_1_trimmed.	71.44	7108148	11533369	58.60930141054188	11533369	59.80976590621526
../Pecs_raw_reads/20211019_rawData_quantseq//C43_2_S2_R1_001.fastq.gz	C43_2_S2_R1_001	C43_2	C432	C43	13537468	trimmed_reads/C43_2_trimmed.fastq.gz	13238661	0.9779274085818708	STAR_align/C43_2_trimmed.	72.23	9562438	14778931	61.830006514002946	14778931	62.947495999541516
../Pecs_raw_reads/20211019_rawData_quantseq//C91_1_S92_R1_001.fastq.gz	C91_1_S92_R1_001	C91_1	C911	C91	12354976	trimmed_reads/C91_1_trimmed.fastq.gz	12185283	0.9862652100659686	STAR_align/C91_1_trimmed.	78.62	9579681	14478241	63.66262310456083	14478241	64.67231758333074
../Pecs_raw_reads/20211019_rawData_quantseq//C91_2_S73_R1_001.fastq.gz	C91_2_S73_R1_001	C91_2	C912	C91	12661660	trimmed_reads/C91_2_trimmed.fastq.gz	12462344	0.9842583042033984	STAR_align/C91_2_trimmed.	74.23	9250646	15677680	56.13643727898515	15677680	57.282289216261596
../Pecs_raw_reads/20210114_rawData/rawData//CO2-1.fastq.gz	CO2-1	CO2-1	CO21	CO2	14711833	trimmed_reads/CO2-1_trimmed.fastq.gz	14471570	0.983668724352703	STAR_align/CO2-1_trimmed.	79.68	11531497	15698148	70.03312110447678	15698148	71.4674495360854
../Pecs_raw_reads/20210114_rawData/rawData//CO2-2.fastq.gz	CO2-2	CO2-2	CO22	CO2	14096774	trimmed_reads/CO2-2_trimmed.fastq.gz	13954981	0.9899414575278004	STAR_align/CO2-2_trimmed.	72.72	10147498	17050500	57.28618515586054	17050500	58.63211636022404
../Pecs_raw_reads/20210114_rawData/rawData//CO2-3.fastq.gz	CO2-3	CO2-3	CO23	CO2	12837016	trimmed_reads/CO2-3_trimmed.fastq.gz	12644604	0.985011158356428	STAR_align/CO2-3_trimmed.	78.74	9956552	14587508	65.14132502960751	14587508	66.55663873500532
../Pecs_raw_reads/20211019_rawData_quantseq//Cob1_S13_R1_001.fastq.gz	Cob1_S13_R1_001	Cob1	Cob1	Cob	9586892	trimmed_reads/Cob1_trimmed.fastq.gz	9444848	0.9851835193303524	STAR_align/Cob1_trimmed.	65.79	6213785	10175409	59.11137331187375	10175409	59.71005194975455
../Pecs_raw_reads/20211019_rawData_quantseq//Cob2_S15_R1_001.fastq.gz	Cob2_S15_R1_001	Cob2	Cob2	Cob	10169093	trimmed_reads/Cob2_trimmed.fastq.gz	10061542	0.9894237372005548	STAR_align/Cob2_trimmed.	71.89	7233203	11070933	63.56113798177624	11070933	64.10214026225252
../Pecs_raw_reads/20211019_rawData_quantseq//Cob3_S25_R1_001.fastq.gz	Cob3_S25_R1_001	Cob3	Cob3	Cob	11608140	trimmed_reads/Cob3_trimmed.fastq.gz	11347911	0.9775821966309848	STAR_align/Cob3_trimmed.	56.99	6467639	15764648	40.086673676443645	15764648	40.48781805974989
../Pecs_raw_reads/20210114_rawData/rawData//CoK-1.fastq.gz	CoK-1	CoK-1	CoK1	CoK	15452434	trimmed_reads/CoK-1_trimmed.fastq.gz	15157432	0.980909027018009	STAR_align/CoK-1_trimmed.	88.68	13441152	15876252	79.33543760832217	15876252	81.7955837435687
../Pecs_raw_reads/20210114_rawData/rawData//CoK-2.fastq.gz	CoK-2	CoK-2	CoK2	CoK	15622427	trimmed_reads/CoK-2_trimmed.fastq.gz	15297378	0.9791934377417798	STAR_align/CoK-2_trimmed.	90.46	13838754	14879985	87.8071852895013	14879985	89.77392786350255
../Pecs_raw_reads/20210114_rawData/rawData//CoK-3.fastq.gz	CoK-3	CoK-3	CoK3	CoK	16622624	trimmed_reads/CoK-3_trimmed.fastq.gz	16278963	0.9793257069401318	STAR_align/CoK-3_trimmed.	84.12	13693942	17648924	73.35346336127914	17648924	75.22881281601077
../Pecs_raw_reads/20211002_rawData_quantseq_extra//Hyp2_S3_R1_001.fastq.gz	Hyp2_S3_R1_001	Hyp2_extra	Hyp2extra	Hyp	11257955	trimmed_reads/Hyp2_extra_trimmed.fastq.gz	11062760	0.9826615935132093	STAR_align/Hyp2_extra_trimmed.	63.14	6984882	14996560	45.80232399963725	14996560	46.523369359373085
../Pecs_raw_reads/20211002_rawData_quantseq_extra//Hyp3_S6_R1_001.fastq.gz	Hyp3_S6_R1_001	Hyp3_extra	Hyp3extra	Hyp	12819383	trimmed_reads/Hyp3_extra_trimmed.fastq.gz	12577501	0.9811315411981996	STAR_align/Hyp3_extra_trimmed.	68.15	8571144	16687959	50.06198780809565	16687959	50.93362825256222
../Pecs_raw_reads/20211019_rawData_quantseq//Hyp1_S6_R1_001.fastq.gz	Hyp1_S6_R1_001	Hyp1	Hyp1	Hyp	15143813	trimmed_reads/Hyp1_trimmed.fastq.gz	14643277	0.9669478221898276	STAR_align/Hyp1_trimmed.	63.77	9337964	20570540	43.46329751187864	20570540	44.40676326435767
../Pecs_raw_reads/20211019_rawData_quantseq//Hyp2_S10_R1_001.fastq.gz	Hyp2_S10_R1_001	Hyp2	Hyp2	Hyp	2302176	trimmed_reads/Hyp2_trimmed.fastq.gz	2254238	0.9791770915863948	STAR_align/Hyp2_trimmed.	63.28	1426420	3086192	45.45355570878286	3086192	46.17904524410665
../Pecs_raw_reads/20211019_rawData_quantseq//Hyp3_S14_R1_001.fastq.gz	Hyp3_S14_R1_001	Hyp3	Hyp3	Hyp	3968796	trimmed_reads/Hyp3_trimmed.fastq.gz	3882038	0.9781399699052308	STAR_align/Hyp3_trimmed.	68.38	2654458	5198069	49.7558035493565	5198069	50.61731577630078
../Pecs_raw_reads/20210114_rawData/rawData//Sor-1.fastq.gz	Sor-1	Sor-1	Sor1	Sor	19786951	trimmed_reads/Sor-1_trimmed.fastq.gz	19547029	0.9878747362339958	STAR_align/Sor-1_trimmed.	76.68	14989001	21435018	66.38057406809736	21435018	67.83615017258208
../Pecs_raw_reads/20210114_rawData/rawData//Sor-2.fastq.gz	Sor-2	Sor-2	Sor2	Sor	14543054	trimmed_reads/Sor-2_trimmed.fastq.gz	14392687	0.9896605623550596	STAR_align/Sor-2_trimmed.	73.03	10510588	17306712	57.61726433074058	17306712	59.05648629271695
../Pecs_raw_reads/20210114_rawData/rawData//Sor-3.fastq.gz	Sor-3	Sor-3	Sor3	Sor	15680235	trimmed_reads/Sor-3_trimmed.fastq.gz	15403782	0.9823693331126734	STAR_align/Sor-3_trimmed.	87.53	13483323	15019629	85.11270817674658	15019629	86.56032049792974
../Pecs_raw_reads/20211002_rawData_quantseq_extra//Vor_3_S43_R1_001.fastq.gz	Vor_3_S43_R1_001	Vor_3_extra	Vor3extra	Vor	26915	trimmed_reads/Vor_3_extra_trimmed.fastq.gz	25708	0.9551551179639606	STAR_align/Vor_3_extra_trimmed.	1.48	380	1121	42.81891168599465	1121	43.08652988403212
../Pecs_raw_reads/20211019_rawData_quantseq//Vor_1_S84_R1_001.fastq.gz	Vor_1_S84_R1_001	Vor_1	Vor1	Vor	10829231	trimmed_reads/Vor_1_trimmed.fastq.gz	10702871	0.9883315814391622	STAR_align/Vor_1_trimmed.	78.43	8393764	13242246	60.92819148654994	13242246	61.9575259363102
../Pecs_raw_reads/20211019_rawData_quantseq//Vor_2_S85_R1_001.fastq.gz	Vor_2_S85_R1_001	Vor_2	Vor2	Vor	10947684	trimmed_reads/Vor_2_trimmed.fastq.gz	10812920	0.98769018177726	STAR_align/Vor_2_trimmed.	81.64	8828004	12466230	68.06301504143595	12466230	69.18215851945617
../Pecs_raw_reads/20211019_rawData_quantseq//Vor_3_S9_R1_001.fastq.gz	Vor_3_S9_R1_001	Vor_3	Vor3	Vor	6901033	trimmed_reads/Vor_3_trimmed.fastq.gz	6665815	0.9659155375724184	STAR_align/Vor_3_trimmed.	55.2	3679638	8378260	43.182904326196606	8378260	43.76594901566674
../Pecs_raw_reads/20211019_rawData_quantseq//a-15_1_S55_R1_001.fastq.gz	a-15_1_S55_R1_001	a-15_1	a151	a-15	10043121	trimmed_reads/a-15_1_trimmed.fastq.gz	9811584	0.9769457123935876	STAR_align/a-15_1_trimmed.	72.5	7113418	13050419	53.07735330183652	13050419	53.58506113865003
../Pecs_raw_reads/20211019_rawData_quantseq//a-15_2_S58_R1_001.fastq.gz	a-15_2_S58_R1_001	a-15_2	a152	a-15	9011452	trimmed_reads/a-15_2_trimmed.fastq.gz	8891648	0.9867053611338106	STAR_align/a-15_2_trimmed.	78.41	6972005	10894873	61.94232828597451	10894873	62.62707238533207
../Pecs_raw_reads/20211019_rawData_quantseq//a-15_3_S50_R1_001.fastq.gz	a-15_3_S50_R1_001	a-15_3	a153	a-15	12592676	trimmed_reads/a-15_3_trimmed.fastq.gz	12312204	0.9777273710528248	STAR_align/a-15_3_trimmed.	57.18	7039839	19770088	35.20153779790965	19770088	35.49512779103462
../Pecs_raw_reads/20211019_rawData_quantseq//a-30_1_S39_R1_001.fastq.gz	a-30_1_S39_R1_001	a-30_1	a301	a-30	13239921	trimmed_reads/a-30_1_trimmed.fastq.gz	13035448	0.9845563277907776	STAR_align/a-30_1_trimmed.	77.97	10163103	15680087	62.36003665030685	15680087	63.07228397393458
../Pecs_raw_reads/20211019_rawData_quantseq//a-30_2_S44_R1_001.fastq.gz	a-30_2_S44_R1_001	a-30_2	a302	a-30	13202597	trimmed_reads/a-30_2_trimmed.fastq.gz	12986682	0.9836460205518656	STAR_align/a-30_2_trimmed.	78.03	10133139	15464840	63.01403053636507	15464840	63.992100791214135
../Pecs_raw_reads/20211019_rawData_quantseq//a-30_3_S47_R1_001.fastq.gz	a-30_3_S47_R1_001	a-30_3	a303	a-30	12734676	trimmed_reads/a-30_3_trimmed.fastq.gz	12469415	0.9791701806940356	STAR_align/a-30_3_trimmed.	79.55	9919870	15065605	62.97125804108099	15065605	63.954643706641725
../Pecs_raw_reads/20210114_rawData/rawData//Cocl-1.fastq.gz	Cocl-1	Cocl-1	Cocl1	Cocl	13357584	trimmed_reads/Cocl-1_trimmed.fastq.gz	13152084	0.984615481362498	STAR_align/Cocl-1_trimmed.	90.13	11854499	13130602	86.02511903110002	13130602	88.02009991621101
../Pecs_raw_reads/20210114_rawData/rawData//Cocl-2.fastq.gz	Cocl-2	Cocl-2	Cocl2	Cocl	15862933	trimmed_reads/Cocl-2_trimmed.fastq.gz	15488618	0.9764031657953796	STAR_align/Cocl-2_trimmed.	88.17	13656374	15786903	80.88284953673308	15786903	83.6041875977828
../Pecs_raw_reads/20210114_rawData/rawData//Cocl-3.fastq.gz	Cocl-3	Cocl-3	Cocl3	Cocl	16056950	trimmed_reads/Cocl-3_trimmed.fastq.gz	15718357	0.9789129940617616	STAR_align/Cocl-3_trimmed.	90.28	14191081	15788836	85.04472400625353	15788836	87.23457511370692
../Pecs_raw_reads/20211002_rawData_quantseq_extra//Cold2_S8_R1_001.fastq.gz	Cold2_S8_R1_001	Cold2_extra	Cold2extra	Cold	10278557	trimmed_reads/Cold2_extra_trimmed.fastq.gz	10149106	0.9874057224180398	STAR_align/Cold2_extra_trimmed.	77.4	7855112	10898634	68.96672555478054	10898634	70.06512926298836
../Pecs_raw_reads/20211019_rawData_quantseq//Cold1_S15_R1_001.fastq.gz	Cold1_S15_R1_001	Cold1	Cold1	Cold	2809263	trimmed_reads/Cold1_trimmed.fastq.gz	2753756	0.9802414369889896	STAR_align/Cold1_trimmed.	63.86	1758654	3589404	47.063774375913106	3589404	47.853905550893685
../Pecs_raw_reads/20211019_rawData_quantseq//Cold2_S18_R1_001.fastq.gz	Cold2_S18_R1_001	Cold2	Cold2	Cold	5109601	trimmed_reads/Cold2_trimmed.fastq.gz	5042668	0.9869005427233948	STAR_align/Cold2_trimmed.	78.33	3949903	5499649	68.71944009517699	5499649	69.8019273593642
../Pecs_raw_reads/20211019_rawData_quantseq//Cold3_S72_R1_001.fastq.gz	Cold3_S72_R1_001	Cold3	Cold3	Cold	11036786	trimmed_reads/Cold3_trimmed.fastq.gz	10857995	0.9838004469779518	STAR_align/Cold3_trimmed.	81.2	8816522	11243872	73.7706014440577	11243872	75.19855259825086
../Pecs_raw_reads/20211019_rawData_quantseq//CTGT1_S17_R1_001.fastq.gz	CTGT1_S17_R1_001	CTGT1	CTGT1	CTGT	10613361	trimmed_reads/CTGT1_trimmed.fastq.gz	10277710	0.9683746741489336	STAR_align/CTGT1_trimmed.	2.12	218161	1000246	24.40579617414116	1000246	24.6211431987731
../Pecs_raw_reads/20211019_rawData_quantseq//CTGT2_S62_R1_001.fastq.gz	CTGT2_S62_R1_001	CTGT2	CTGT2	CTGT	11702132	trimmed_reads/CTGT2_trimmed.fastq.gz	11407313	0.9748063857081768	STAR_align/CTGT2_trimmed.	4.37	497975	7418051	10.43168886274845	7418051	10.461036194008372
../Pecs_raw_reads/20211019_rawData_quantseq//CTGT3_S32_R1_001.fastq.gz	CTGT3_S32_R1_001	CTGT3	CTGT3	CTGT	14949423	trimmed_reads/CTGT3_trimmed.fastq.gz	14346004	0.9596359672209422	STAR_align/CTGT3_trimmed.	6.26	897425	10233525	13.124431708526632	10233525	13.178078912202784
../Pecs_raw_reads/20211019_rawData_quantseq//CTMP1_S23_R1_001.fastq.gz	CTMP1_S23_R1_001	CTMP1	CTMP1	CTMP	10626837	trimmed_reads/CTMP1_trimmed.fastq.gz	10249320	0.9644751302762996	STAR_align/CTMP1_trimmed.	83.2	8527065	9062726	89.98245119625155	9062726	90.92631731335584
../Pecs_raw_reads/20211019_rawData_quantseq//CTMP2_S35_R1_001.fastq.gz	CTMP2_S35_R1_001	CTMP2	CTMP2	CTMP	13257362	trimmed_reads/CTMP2_trimmed.fastq.gz	13099456	0.9880891839568084	STAR_align/CTMP2_trimmed.	63.89	8369802	14177663	57.29020361113112	14177663	57.92612647091414
../Pecs_raw_reads/20211019_rawData_quantseq//CTMP3_S41_R1_001.fastq.gz	CTMP3_S41_R1_001	CTMP3	CTMP3	CTMP	9243980	trimmed_reads/CTMP3_trimmed.fastq.gz	9076536	0.9818861572612664	STAR_align/CTMP3_trimmed.	71.83	6520100	9593724	65.41726653799923	9593724	66.14248022978356
../Pecs_raw_reads/20210114_rawData/rawData//H2O2-1.fastq.gz	H2O2-1	H2O2-1	H2O21	H2O2	20451792	trimmed_reads/H2O2-1_trimmed.fastq.gz	19978500	0.9768581648004244	STAR_align/H2O2-1_trimmed.	87.62	17505116	19626086	84.23377437559378	19626086	85.30236747153762
../Pecs_raw_reads/20210114_rawData/rawData//H2O2-2.fastq.gz	H2O2-2	H2O2-2	H2O22	H2O2	16476963	trimmed_reads/H2O2-2_trimmed.fastq.gz	16204037	0.9834359038130996	STAR_align/H2O2-2_trimmed.	84.93	13761350	16996264	76.53201315300822	16996264	77.53485707211891
../Pecs_raw_reads/20210114_rawData/rawData//H2O2-3.fastq.gz	H2O2-3	H2O2-3	H2O23	H2O2	13581262	trimmed_reads/H2O2-3_trimmed.fastq.gz	13416483	0.9878671805315294	STAR_align/H2O2-3_trimmed.	80.76	10835374	15722925	66.76733495834904	15722925	67.2123602955557
../Pecs_raw_reads/20210114_rawData/rawData//HS47-1.fastq.gz	HS47-1	HS47-1	HS471	HS47	14024735	trimmed_reads/HS47-1_trimmed.fastq.gz	13795292	0.9836401186902995	STAR_align/HS47-1_trimmed.	74.6	10291925	17336797	53.51115895283309	17336797	54.25334910479715
../Pecs_raw_reads/20210114_rawData/rawData//HS47-2.fastq.gz	HS47-2	HS47-2	HS472	HS47	13389596	trimmed_reads/HS47-2_trimmed.fastq.gz	13124402	0.9801940252715616	STAR_align/HS47-2_trimmed.	71.16	9339818	16675598	49.67204774305545	16675598	50.375926548481196
../Pecs_raw_reads/20210114_rawData/rawData//HS47-3.fastq.gz	HS47-3	HS47-3	HS473	HS47	15424888	trimmed_reads/HS47-3_trimmed.fastq.gz	15203913	0.985674126126556	STAR_align/HS47-3_trimmed.	75.87	11535623	18790242	54.70414377845693	18790242	55.57355248538044
../Pecs_raw_reads/20211002_rawData_quantseq_extra//HypK1_S7_R1_001.fastq.gz	HypK1_S7_R1_001	HypK1_extra	HypK1extra	HypK	10383321	trimmed_reads/HypK1_extra_trimmed.fastq.gz	10279470	0.9899982866753324	STAR_align/HypK1_extra_trimmed.	63.66	6544050	14146068	44.97896517958206	14146068	45.798691198147786
../Pecs_raw_reads/20211019_rawData_quantseq//HypK1_S16_R1_001.fastq.gz	HypK1_S16_R1_001	HypK1	HypK1	HypK	2424167	trimmed_reads/HypK1_trimmed.fastq.gz	2396954	0.9887742882400428	STAR_align/HypK1_trimmed.	63.62	1524927	3314960	44.742591162487635	3314960	45.548272075681155
../Pecs_raw_reads/20211019_rawData_quantseq//HypK2_S65_R1_001.fastq.gz	HypK2_S65_R1_001	HypK2	HypK2	HypK	10369401	trimmed_reads/HypK2_trimmed.fastq.gz	10010797	0.965417095934471	STAR_align/HypK2_trimmed.	70.83	7090210	12471545	54.08959355075895	12471545	55.38076477292909
../Pecs_raw_reads/20211019_rawData_quantseq//HypK3_S81_R1_001.fastq.gz	HypK3_S81_R1_001	HypK3	HypK3	HypK	9808739	trimmed_reads/HypK3_trimmed.fastq.gz	9655891	0.9844171610642306	STAR_align/HypK3_trimmed.	72.32	6983601	12228847	54.34670169640686	12228847	55.51164390232375
../Pecs_raw_reads/20211019_rawData_quantseq//LoKo1_S5_R1_001.fastq.gz	LoKo1_S5_R1_001	LoKo1	LoKo1_Tier3	LoKo_Tier3	13572488	trimmed_reads/LoKo1_trimmed.fastq.gz	13158590	0.9695046331962128	STAR_align/LoKo1_trimmed.	63.61	8370393	16142595	49.953405880529125	16142595	51.00308221819354
../Pecs_raw_reads/20211019_rawData_quantseq//LoKo2_S1_R1_001.fastq.gz	LoKo2_S1_R1_001	LoKo2	LoKo2_Tier3	LoKo_Tier3	17570900	trimmed_reads/LoKo2_trimmed.fastq.gz	17135555	0.9752235229840248	STAR_align/LoKo2_trimmed.	57.98	9935400	21701824	44.034280252203686	21701824	44.98319588252121
../Pecs_raw_reads/20211019_rawData_quantseq//LoKo3_S7_R1_001.fastq.gz	LoKo3_S7_R1_001	LoKo3	LoKo3_Tier3	LoKo_Tier3	15482785	trimmed_reads/LoKo3_trimmed.fastq.gz	5377246	0.34730482920223976	STAR_align/LoKo3_trimmed.	56.2	3021844	8148822	36.41539844654847	8148822	37.892090415031774
../Pecs_raw_reads/20210114_rawData/rawData//LoKo-1.fastq.gz	LoKo-1	LoKo-1	LoKo1_Tier2	LoKo_Tier2	17590630	trimmed_reads/LoKo-1_trimmed.fastq.gz	16968888	0.964654932768184	STAR_align/LoKo-1_trimmed.	91.25	15484442	15959157	92.6037760014517	15959157	93.92152730874194
../Pecs_raw_reads/20210114_rawData/rawData//LoKo-2.fastq.gz	LoKo-2	LoKo-2	LoKo2_Tier2	LoKo_Tier2	13949564	trimmed_reads/LoKo-2_trimmed.fastq.gz	13816470	0.9904589132678268	STAR_align/LoKo-2_trimmed.	67.87	9377002	17024741	53.40918255379039	17024741	54.405585377187236
../Pecs_raw_reads/20210114_rawData/rawData//LoKo-3.fastq.gz	LoKo-3	LoKo-3	LoKo3_Tier2	LoKo_Tier2	15988110	trimmed_reads/LoKo-3_trimmed.fastq.gz	15695983	0.9817284844800293	STAR_align/LoKo-3_trimmed.	85.29	13386999	15667143	81.50320067928148	15667143	82.79828683506622
../Pecs_raw_reads/20210114_rawData/rawData//pH-4-1.fastq.gz	pH-4-1	pH-4-1	pH41	pH-4	15631203	trimmed_reads/pH-4-1_trimmed.fastq.gz	15445208	0.9881010437904236	STAR_align/pH-4-1_trimmed.	73.96	11423893	18434797	59.48002031158792	18434797	60.58027652813318
../Pecs_raw_reads/20210114_rawData/rawData//pH-4-2.fastq.gz	pH-4-2	pH-4-2	pH42	pH-4	12484565	trimmed_reads/pH-4-2_trimmed.fastq.gz	12330888	0.9876906404027692	STAR_align/pH-4-2_trimmed.	78.1	9631009	13767732	67.1007396134672	13767732	68.22913897510497
../Pecs_raw_reads/20210114_rawData/rawData//pH-4-3.fastq.gz	pH-4-3	pH-4-3	pH43	pH-4	12753205	trimmed_reads/pH-4-3_trimmed.fastq.gz	12566963	0.9853964552439956	STAR_align/pH-4-3_trimmed.	74.6	9374770	14921582	60.08371632444871	14921582	61.387686640732866
../Pecs_raw_reads/20210114_rawData/rawData//pH-9-1.fastq.gz	pH-9-1	pH-9-1	pH91	pH-9	15517190	trimmed_reads/pH-9-1_trimmed.fastq.gz	15308492	0.9865505288006398	STAR_align/pH-9-1_trimmed.	78.42	12004698	16896112	67.76084935990008	16896112	69.02708741514024
../Pecs_raw_reads/20210114_rawData/rawData//pH-9-2.fastq.gz	pH-9-2	pH-9-2	pH92	pH-9	16225770	trimmed_reads/pH-9-2_trimmed.fastq.gz	15986825	0.985273734312763	STAR_align/pH-9-2_trimmed.	81.62	13047826	16680018	74.59143029701767	16680018	75.80241819882929
../Pecs_raw_reads/20210114_rawData/rawData//pH-9-3.fastq.gz	pH-9-3	pH-9-3	pH93	pH-9	14523046	trimmed_reads/pH-9-3_trimmed.fastq.gz	14199277	0.9777065362183665	STAR_align/pH-9-3_trimmed.	85.06	12077934	13863082	82.54096744143908	13863082	83.88747177575665
../Pecs_raw_reads/20211019_rawData_quantseq//a-7_5_1_S37_R1_001.fastq.gz	a-7_5_1_S37_R1_001	a-7_5_1	a751	a-7_5	13979273	trimmed_reads/a-7_5_1_trimmed.fastq.gz	13760652	0.9843610608362824	STAR_align/a-7_5_1_trimmed.	83.41	11477595	16694164	66.19032255823053	16694164	67.06382541827192
../Pecs_raw_reads/20211019_rawData_quantseq//a-7_5_2_S34_R1_001.fastq.gz	a-7_5_2_S34_R1_001	a-7_5_2	a752	a-7_5	14151722	trimmed_reads/a-7_5_2_trimmed.fastq.gz	13902945	0.9824207259017664	STAR_align/a-7_5_2_trimmed.	75.42	10485453	18892854	53.480596420212635	18892854	54.32751981251748
../Pecs_raw_reads/20211019_rawData_quantseq//a-7_5_3_S52_R1_001.fastq.gz	a-7_5_3_S52_R1_001	a-7_5_3	a753	a-7_5	12162326	trimmed_reads/a-7_5_3_trimmed.fastq.gz	11860732	0.9752026051595722	STAR_align/a-7_5_3_trimmed.	59.92	7106756	18436888	37.79120966618662	18436888	38.23938183059961
../Pecs_raw_reads/20200831_rawData_joint//BS-0h-1_R1.fastq.gz	BS-0h-1_R1	BS-0h-1	BS0h1	BS-0h	13692205	trimmed_reads/BS-0h-1_trimmed.fastq.gz	13601916	0.9934058100941376	STAR_align/BS-0h-1_trimmed.	89.1	12119619	12675410	89.96170538073325	12675410	90.48616178884943
../Pecs_raw_reads/20200831_rawData_joint//BS-0h-2_R1.fastq.gz	BS-0h-2_R1	BS-0h-2	BS0h2	BS-0h	13373252	trimmed_reads/BS-0h-2_trimmed.fastq.gz	13282619	0.9932228152135322	STAR_align/BS-0h-2_trimmed.	89.13	11838229	12479643	89.71421698521344	12479643	90.20825355340693
../Pecs_raw_reads/20200831_rawData_joint//BS-0h-3_R1.fastq.gz	BS-0h-3_R1	BS-0h-3	BS0h3	BS-0h	20775117	trimmed_reads/BS-0h-3_trimmed.fastq.gz	20689361	0.9958721772782314	STAR_align/BS-0h-3_trimmed.	92.93	19227502	19558939	92.71512120366036	19558939	93.16689928835096
../Pecs_raw_reads/20200831_rawData_joint//BS-4h-1_R1.fastq.gz	BS-4h-1_R1	BS-4h-1	BS4h1	BS-4h	13011936	trimmed_reads/BS-4h-1_trimmed.fastq.gz	12933856	0.9939993556685184	STAR_align/BS-4h-1_trimmed.	89.2	11536749	12037447	90.1557198964199	12037447	90.71850534419798
../Pecs_raw_reads/20200831_rawData_joint//BS-4h-2_R1.fastq.gz	BS-4h-2_R1	BS-4h-2	BS4h2	BS-4h	11504501	trimmed_reads/BS-4h-2_trimmed.fastq.gz	11464402	0.9965144946312752	STAR_align/BS-4h-2_trimmed.	93.54	10723714	10950610	92.7309620194674	10950610	93.1370033267553
../Pecs_raw_reads/20200831_rawData_joint//BS-4h-3_R1.fastq.gz	BS-4h-3_R1	BS-4h-3	BS4h3	BS-4h	14016165	trimmed_reads/BS-4h-3_trimmed.fastq.gz	13965221	0.9963653395918212	STAR_align/BS-4h-3_trimmed.	91.76	12814620	13165757	91.7058548171594	13165757	92.1483132340966
../Pecs_raw_reads/20200831_rawData_joint//BS-8h-1_R1.fastq.gz	BS-8h-1_R1	BS-8h-1	BS8h1	BS-8h	12029903	trimmed_reads/BS-8h-1_trimmed.fastq.gz	11960474	0.994228631768685	STAR_align/BS-8h-1_trimmed.	95.07	11370544	11574578	92.94384641928198	11574578	93.55325092629727
../Pecs_raw_reads/20200831_rawData_joint//BS-8h-2_R1.fastq.gz	BS-8h-2_R1	BS-8h-2	BS8h2	BS-8h	8466226	trimmed_reads/BS-8h-2_trimmed.fastq.gz	8436150	0.9964475316392452	STAR_align/BS-8h-2_trimmed.	93.29	7869896	8061633	92.7103726999232	8061633	93.3065050219974
../Pecs_raw_reads/20200831_rawData_joint//BS-8h-3_R1.fastq.gz	BS-8h-3_R1	BS-8h-3	BS8h3	BS-8h	15500505	trimmed_reads/BS-8h-3_trimmed.fastq.gz	15390140	0.9928799093965004	STAR_align/BS-8h-3_trimmed.	92.26	14198901	14544465	93.33021874644407	14544465	93.98274876387684
../Pecs_raw_reads/20211019_rawData_quantseq//Calci_1_S70_R1_001.fastq.gz	Calci_1_S70_R1_001	Calci_1	Calci1	Calci	10102125	trimmed_reads/Calci_1_trimmed.fastq.gz	9935809	0.983536533155153	STAR_align/Calci_1_trimmed.	81.15	8063097	11127833	68.67885238752235	11127833	70.12028307757674
../Pecs_raw_reads/20211019_rawData_quantseq//Calci_2_S88_R1_001.fastq.gz	Calci_2_S88_R1_001	Calci_2	Calci2	Calci	10877710	trimmed_reads/Calci_2_trimmed.fastq.gz	10691994	0.9829269211994068	STAR_align/Calci_2_trimmed.	82.27	8796779	11924480	70.33793507138256	11924480	71.45370699602834
../Pecs_raw_reads/20211019_rawData_quantseq//Calci_3_S86_R1_001.fastq.gz	Calci_3_S86_R1_001	Calci_3	Calci3	Calci	13151053	trimmed_reads/Calci_3_trimmed.fastq.gz	12941160	0.984039833160128	STAR_align/Calci_3_trimmed.	65.92	8531130	16390313	48.9024035111471	16390313	50.39313770273942
../Pecs_raw_reads/20200914_rawData_joint//LI-1h-1_R1.fastq.gz	LI-1h-1_R1	LI-1h-1	LI1h1	LI-1h	12022878	trimmed_reads/LI-1h-1_trimmed.fastq.gz	11940297	0.9931313450905848	STAR_align/LI-1h-1_trimmed.	90.16	10765714	11390393	89.9570541595887	11390393	91.77926521060336
../Pecs_raw_reads/20200914_rawData_joint//LI-1h-2_R1.fastq.gz	LI-1h-2_R1	LI-1h-2	LI1h2	LI-1h	12527075	trimmed_reads/LI-1h-2_trimmed.fastq.gz	12447840	0.99367490016624	STAR_align/LI-1h-2_trimmed.	92.78	11548668	11959430	92.08092693380873	11959430	93.83728154268222
../Pecs_raw_reads/20200914_rawData_joint//LI-1h-3_R1.fastq.gz	LI-1h-3_R1	LI-1h-3	LI1h3	LI-1h	13726500	trimmed_reads/LI-1h-3_trimmed.fastq.gz	13696105	0.9977856700542744	STAR_align/LI-1h-3_trimmed.	91.88	12583615	13069240	92.4150907015251	13069240	94.0649188476147
../Pecs_raw_reads/20200914_rawData_joint//LI-6h-1_R1.fastq.gz	LI-6h-1_R1	LI-6h-1	LI6h1	LI-6h	13540116	trimmed_reads/LI-6h-1_trimmed.fastq.gz	13467411	0.9946304005076472	STAR_align/LI-6h-1_trimmed.	90.26	12155244	12890468	89.33255177391543	12890468	91.75572989281693
../Pecs_raw_reads/20200914_rawData_joint//LI-6h-2_R1.fastq.gz	LI-6h-2_R1	LI-6h-2	LI6h2	LI-6h	12409136	trimmed_reads/LI-6h-2_trimmed.fastq.gz	12350801	0.995299028070931	STAR_align/LI-6h-2_trimmed.	91.86	11346000	12026770	90.06986081882334	12026770	91.95047381799102
../Pecs_raw_reads/20200914_rawData_joint//LI-6h-3_R1.fastq.gz	LI-6h-3_R1	LI-6h-3	LI6h3	LI-6h	13854425	trimmed_reads/LI-6h-3_trimmed.fastq.gz	13805701	0.9964831452766896	STAR_align/LI-6h-3_trimmed.	93.98	12974618	13407316	92.15749818979428	13407316	94.46217274210588
../Pecs_raw_reads/20210114_rawData/rawData//min20-1.fastq.gz	min20-1	min20-1	min201	min20	17176242	trimmed_reads/min20-1_trimmed.fastq.gz	16634181	0.9684412341186156	STAR_align/min20-1_trimmed.	94.09	15651253	15887996	92.85281793877591	15887996	94.59279823585052
../Pecs_raw_reads/20210114_rawData/rawData//min20-2.fastq.gz	min20-2	min20-2	min202	min20	17447533	trimmed_reads/min20-2_trimmed.fastq.gz	16906751	0.9690052456126604	STAR_align/min20-2_trimmed.	92.99	15721929	16005662	92.49490586518696	16005662	94.22253200148796
../Pecs_raw_reads/20210114_rawData/rawData//min20-3.fastq.gz	min20-3	min20-3	min203	min20	19521968	trimmed_reads/min20-3_trimmed.fastq.gz	18866172	0.9664072802496142	STAR_align/min20-3_trimmed.	93.73	17683818	17929014	92.52055355637516	17929014	94.43909743168253
../Pecs_raw_reads/20211019_rawData_quantseq//a-22_5_1_S53_R1_001.fastq.gz	a-22_5_1_S53_R1_001	a-22_5_1	a2251	a-22_5	11328293	trimmed_reads/a-22_5_1_trimmed.fastq.gz	11117719	0.9814116742919696	STAR_align/a-22_5_1_trimmed.	65.87	7323271	16060128	44.7472710055611	16060128	45.09718104363801
../Pecs_raw_reads/20211019_rawData_quantseq//a-22_5_2_S28_R1_001.fastq.gz	a-22_5_2_S28_R1_001	a-22_5_2	a2252	a-22_5	13161084	trimmed_reads/a-22_5_2_trimmed.fastq.gz	12953907	0.9842583635208164	STAR_align/a-22_5_2_trimmed.	77.28	10011046	15641697	62.094438985744326	15641697	62.60104002781796
../Pecs_raw_reads/20211019_rawData_quantseq//a-22_5_3_S66_R1_001.fastq.gz	a-22_5_3_S66_R1_001	a-22_5_3	a2253	a-22_5	12157799	trimmed_reads/a-22_5_3_trimmed.fastq.gz	11932458	0.9814653129238278	STAR_align/a-22_5_3_trimmed.	73.2	8734519	15572545	54.58596523561178	15572545	55.05457842632659
../Pecs_raw_reads/20200831_rawData_joint//BS-12h-1_R1.fastq.gz	BS-12h-1_R1	BS-12h-1	BS12h1	BS-12h	13414187	trimmed_reads/BS-12h-1_trimmed.fastq.gz	13311678	0.9923581652768072	STAR_align/BS-12h-1_trimmed.	95.98	12777081	12942973	94.7621153192547	12942973	95.41063710787313
../Pecs_raw_reads/20200831_rawData_joint//BS-12h-2_R1.fastq.gz	BS-12h-2_R1	BS-12h-2	BS12h2	BS-12h	12658841	trimmed_reads/BS-12h-2_trimmed.fastq.gz	12581153	0.993862945272794	STAR_align/BS-12h-2_trimmed.	96.32	12117899	12266235	94.81174133709324	12266235	95.50400754591772
../Pecs_raw_reads/20200831_rawData_joint//BS-12h-3_R1.fastq.gz	BS-12h-3_R1	BS-12h-3	BS12h3	BS-12h	11081569	trimmed_reads/BS-12h-3_trimmed.fastq.gz	10985651	0.9913443664881753	STAR_align/BS-12h-3_trimmed.	83.78	9203396	9619476	89.71230865381857	9619476	90.91948459562661
../Pecs_raw_reads/20200831_rawData_joint//DM-12h-1_R1.fastq.gz	DM-12h-1_R1	DM-12h-1	DM12h1	DM-12h	11427314	trimmed_reads/DM-12h-1_trimmed.fastq.gz	11381180	0.99596283081046	STAR_align/DM-12h-1_trimmed.	97.34	11078397	11211723	94.55386116835032	11211723	95.55701652636263
../Pecs_raw_reads/20200831_rawData_joint//DM-12h-2_R1.fastq.gz	DM-12h-2_R1	DM-12h-2	DM12h2	DM-12h	9809054	trimmed_reads/DM-12h-2_trimmed.fastq.gz	9774179	0.996444611274441	STAR_align/DM-12h-2_trimmed.	97.37	9517231	9625176	94.75824649855753	9625176	95.91349810122952
../Pecs_raw_reads/20200831_rawData_joint//DM-12h-3_R1.fastq.gz	DM-12h-3_R1	DM-12h-3	DM12h3	DM-12h	11643560	trimmed_reads/DM-12h-3_trimmed.fastq.gz	11600275	0.9962824943573958	STAR_align/DM-12h-3_trimmed.	96.95	11246296	11385885	95.139596087612	11385885	96.08344015419091
../Pecs_raw_reads/20200831_rawData_joint//DM-36h-1_R1.fastq.gz	DM-36h-1_R1	DM-36h-1	DM36h1	DM-36h	12128868	trimmed_reads/DM-36h-1_trimmed.fastq.gz	12084918	0.9963764136933472	STAR_align/DM-36h-1_trimmed.	91.61	11070420	11472713	92.779249337101	11472713	93.678644275334
../Pecs_raw_reads/20200831_rawData_joint//DM-36h-2_R1.fastq.gz	DM-36h-2_R1	DM-36h-2	DM36h2	DM-36h	14015275	trimmed_reads/DM-36h-2_trimmed.fastq.gz	13951292	0.9954347667098932	STAR_align/DM-36h-2_trimmed.	93.86	13095322	13356296	94.09860338524992	13356296	95.1753465182263
../Pecs_raw_reads/20200831_rawData_joint//DM-36h-3_R1.fastq.gz	DM-36h-3_R1	DM-36h-3	DM36h3	DM-36h	14433684	trimmed_reads/DM-36h-3_trimmed.fastq.gz	14347822	0.994051276167609	STAR_align/DM-36h-3_trimmed.	91.09	13069046	13661171	91.89777362423764	13661171	92.821523132973
../Pecs_raw_reads/20200831_rawData_joint//DM-60h-1_R1.fastq.gz	DM-60h-1_R1	DM-60h-1	DM60h1	DM-60h	13543510	trimmed_reads/DM-60h-1_trimmed.fastq.gz	13471581	0.994689042943816	STAR_align/DM-60h-1_trimmed.	88.56	11930460	12845514	88.5576941491014	12845514	89.98599043993102
../Pecs_raw_reads/20200831_rawData_joint//DM-60h-2_R1.fastq.gz	DM-60h-2_R1	DM-60h-2	DM60h2	DM-60h	12345444	trimmed_reads/DM-60h-2_trimmed.fastq.gz	12226320	0.9903507723173018	STAR_align/DM-60h-2_trimmed.	87.97	10755197	11301406	90.8858685370652	11301406	92.22174656852431
../Pecs_raw_reads/20200831_rawData_joint//DM-60h-3_R1.fastq.gz	DM-60h-3_R1	DM-60h-3	DM60h3	DM-60h	12971031	trimmed_reads/DM-60h-3_trimmed.fastq.gz	12914342	0.9956295686904147	STAR_align/DM-60h-3_trimmed.	88.87	11476661	12197812	90.05392934404958	12197812	91.51050204741638
../Pecs_raw_reads/20200831_rawData_joint//DM-84h-1_R1.fastq.gz	DM-84h-1_R1	DM-84h-1	DM84h1	DM-84h	12747547	trimmed_reads/DM-84h-1_trimmed.fastq.gz	12703605	0.9965529054334924	STAR_align/DM-84h-1_trimmed.	92.07	11696204	12120602	91.62583673649212	12120602	93.63605042059791
../Pecs_raw_reads/20200831_rawData_joint//DM-84h-2_R1.fastq.gz	DM-84h-2_R1	DM-84h-2	DM84h2	DM-84h	12663564	trimmed_reads/DM-84h-2_trimmed.fastq.gz	12613718	0.9960638253180544	STAR_align/DM-84h-2_trimmed.	89.48	11287273	11984617	89.50121643436749	11984617	91.37848126477466
../Pecs_raw_reads/20200831_rawData_joint//DM-84h-3_R1.fastq.gz	DM-84h-3_R1	DM-84h-3	DM84h3	DM-84h	13032303	trimmed_reads/DM-84h-3_trimmed.fastq.gz	12995649	0.9971874502917863	STAR_align/DM-84h-3_trimmed.	91.43	11882322	12386329	91.40187540634516	12386329	93.29831300298902
../Pecs_raw_reads/20200914_rawData_joint//L-D-6h-1_R1.fastq.gz	L-D-6h-1_R1	L-D-6h-1	LD6h1	L-D-6h	13868776	trimmed_reads/L-D-6h-1_trimmed.fastq.gz	13805222	0.995417475918567	STAR_align/L-D-6h-1_trimmed.	90.32	12468410	13142381	89.64495855050923	13142381	92.0594068913388
../Pecs_raw_reads/20200914_rawData_joint//L-D-6h-2_R1.fastq.gz	L-D-6h-2_R1	L-D-6h-2	LD6h2	L-D-6h	14829356	trimmed_reads/L-D-6h-2_trimmed.fastq.gz	14754596	0.994958648237995	STAR_align/L-D-6h-2_trimmed.	89.67	13230309	14280597	87.36207596923295	14280597	89.68133475092112
../Pecs_raw_reads/20200914_rawData_joint//L-D-6h-3_R1.fastq.gz	L-D-6h-3_R1	L-D-6h-3	LD6h3	L-D-6h	13422478	trimmed_reads/L-D-6h-3_trimmed.fastq.gz	13307686	0.9914477788676576	STAR_align/L-D-6h-3_trimmed.	88.72	11807014	12734106	87.1161194982985	12734106	89.20039616444217
../Pecs_raw_reads/20200914_rawData_joint//LI-12h-1_R1.fastq.gz	LI-12h-1_R1	LI-12h-1	LI12h1	LI-12h	15060316	trimmed_reads/LI-12h-1_trimmed.fastq.gz	14993450	0.9955601197212596	STAR_align/LI-12h-1_trimmed.	93.52	14021471	14675242	90.53996520125528	14675242	92.98873572238196
../Pecs_raw_reads/20200914_rawData_joint//LI-12h-2_R1.fastq.gz	LI-12h-2_R1	LI-12h-2	LI12h2	LI-12h	11876050	trimmed_reads/LI-12h-2_trimmed.fastq.gz	11763202	0.9904978507163578	STAR_align/LI-12h-2_trimmed.	88.8	10446198	11465293	86.4277345550611	11465293	88.38472771694539
../Pecs_raw_reads/20200914_rawData_joint//LI-12h-3_R1.fastq.gz	LI-12h-3_R1	LI-12h-3	LI12h3	LI-12h	15557061	trimmed_reads/LI-12h-3_trimmed.fastq.gz	15425612	0.9915505248709896	STAR_align/LI-12h-3_trimmed.	91.31	14085077	15617064	84.359249600309	15617064	86.58083235107445
../Pecs_raw_reads/20211019_rawData_quantseq//LI2hAE1_S8_R1_001.fastq.gz	LI2hAE1_S8_R1_001	LI2hAE1	LI2hAE1	LI2hAE	9220194	trimmed_reads/LI2hAE1_trimmed.fastq.gz	9142380	0.9915604812653616	STAR_align/LI2hAE1_trimmed.	76.75	7017141	11155881	61.19573165041828	11155881	61.82151817503252
../Pecs_raw_reads/20211019_rawData_quantseq//LI2hAE2_S16_R1_001.fastq.gz	LI2hAE2_S16_R1_001	LI2hAE2	LI2hAE2	LI2hAE	12532521	trimmed_reads/LI2hAE2_trimmed.fastq.gz	12385268	0.9882503288843482	STAR_align/LI2hAE2_trimmed.	78.48	9720005	13977343	67.27053203173163	13977343	67.83519585947057
../Pecs_raw_reads/20211019_rawData_quantseq//LI2hAE3_S27_R1_001.fastq.gz	LI2hAE3_S27_R1_001	LI2hAE3	LI2hAE3	LI2hAE	12586732	trimmed_reads/LI2hAE3_trimmed.fastq.gz	12396628	0.9848964767026104	STAR_align/LI2hAE3_trimmed.	72.77	9020689	15666589	55.6526184480872	15666589	56.3035003982041
../Pecs_raw_reads/20211019_rawData_quantseq//LI2hAM1_S24_R1_001.fastq.gz	LI2hAM1_S24_R1_001	LI2hAM1	LI2hAM1	LI2hAM	12211907	trimmed_reads/LI2hAM1_trimmed.fastq.gz	11896957	0.9742095972398086	STAR_align/LI2hAM1_trimmed.	72.39	8612718	12140342	68.22744367498049	12140342	69.01705075524231
../Pecs_raw_reads/20211019_rawData_quantseq//LI2hAM2_S75_R1_001.fastq.gz	LI2hAM2_S75_R1_001	LI2hAM2	LI2hAM2	LI2hAM	12354242	trimmed_reads/LI2hAM2_trimmed.fastq.gz	12198792	0.9874172774015596	STAR_align/LI2hAM2_trimmed.	79.5	9697513	14813460	63.17242561832279	14813460	63.89088707162271
../Pecs_raw_reads/20211019_rawData_quantseq//LI2hAM3_S40_R1_001.fastq.gz	LI2hAM3_S40_R1_001	LI2hAM3	LI2hAM3	LI2hAM	11691694	trimmed_reads/LI2hAM3_trimmed.fastq.gz	11454252	0.9796913945917504	STAR_align/LI2hAM3_trimmed.	67.59	7742426	13832904	53.650318111077766	13832904	54.47968120070811
../Pecs_raw_reads/20211019_rawData_quantseq//LI6hAE1_S22_R1_001.fastq.gz	LI6hAE1_S22_R1_001	LI6hAE1	LI6hAE1	LI6hAE	10128926	trimmed_reads/LI6hAE1_trimmed.fastq.gz	10050807	0.9922875337424718	STAR_align/LI6hAE1_trimmed.	78.09	7848511	12346001	61.83853378920025	12346001	62.51551413287591
../Pecs_raw_reads/20211019_rawData_quantseq//LI6hAE2_S20_R1_001.fastq.gz	LI6hAE2_S20_R1_001	LI6hAE2	LI6hAE2	LI6hAE	9284438	trimmed_reads/LI6hAE2_trimmed.fastq.gz	9164873	0.98712199919909	STAR_align/LI6hAE2_trimmed.	82.01	7516187	10366127	69.72278074540279	10366127	70.63372848895253
../Pecs_raw_reads/20211019_rawData_quantseq//LI6hAE3_S19_R1_001.fastq.gz	LI6hAE3_S19_R1_001	LI6hAE3	LI6hAE3	LI6hAE	7916317	trimmed_reads/LI6hAE3_trimmed.fastq.gz	7822096	0.9880978743019008	STAR_align/LI6hAE3_trimmed.	79.43	6212714	8906370	67.33894953836412	8906370	68.21227952577762
../Pecs_raw_reads/20211002_rawData_quantseq_extra//LI6hAM1_S2_R1_001.fastq.gz	LI6hAM1_S2_R1_001	LI6hAM1_extra	LI6hAM1extra	LI6hAM	13155171	trimmed_reads/LI6hAM1_extra_trimmed.fastq.gz	12923834	0.98241474778245	STAR_align/LI6hAM1_extra_trimmed.	84.97	10981237	13481714	77.8467634011521	13481714	79.0330665670552
../Pecs_raw_reads/20211002_rawData_quantseq_extra//LI6hAM2_S5_R1_001.fastq.gz	LI6hAM2_S5_R1_001	LI6hAM2_extra	LI6hAM2extra	LI6hAM	13060991	trimmed_reads/LI6hAM2_extra_trimmed.fastq.gz	12828685	0.9822137539180604	STAR_align/LI6hAM2_extra_trimmed.	69.12	8866708	17222058	50.027249937260684	17222058	50.86541921993295
../Pecs_raw_reads/20211019_rawData_quantseq//LI6hAM1_S4_R1_001.fastq.gz	LI6hAM1_S4_R1_001	LI6hAM1	LI6hAM1	LI6hAM	19274254	trimmed_reads/LI6hAM1_trimmed.fastq.gz	18902238	0.9806988120007136	STAR_align/LI6hAM1_trimmed.	85.28	16119078	19838612	77.631398809553815	19838612	78.80195953224953
../Pecs_raw_reads/20211019_rawData_quantseq//LI6hAM2_S13_R1_001.fastq.gz	LI6hAM2_S13_R1_001	LI6hAM2	LI6hAM2	LI6hAM	3219419	trimmed_reads/LI6hAM2_trimmed.fastq.gz	3155690	0.9802048133529684	STAR_align/LI6hAM2_trimmed.	69.2	2183677	4275768	49.67514607902019	4275768	50.49815612072498
../Pecs_raw_reads/20211019_rawData_quantseq//LI6hAM3_S17_R1_001.fastq.gz	LI6hAM3_S17_R1_001	LI6hAM3	LI6hAM3	LI6hAM	4695359	trimmed_reads/LI6hAM3_trimmed.fastq.gz	4647828	0.9898770253776122	STAR_align/LI6hAM3_trimmed.	75.79	3522475	5562998	61.1317135113117	5562998	62.01406148267535
../Pecs_raw_reads/20211019_rawData_quantseq//Sclero1_S5_R1_001.fastq.gz	Sclero1_S5_R1_001	Sclero1	Sclero1	Sclero	10177425	trimmed_reads/Sclero1_trimmed.fastq.gz	10016211	0.9841596474550292	STAR_align/Sclero1_trimmed.	55.2	5529212	16298413	31.875937859716768	16298413	34.630236698505556
../Pecs_raw_reads/20211019_rawData_quantseq//Sclero2_S7_R1_001.fastq.gz	Sclero2_S7_R1_001	Sclero2	Sclero2	Sclero	10548367	trimmed_reads/Sclero2_trimmed.fastq.gz	10436934	0.9894359951639908	STAR_align/Sclero2_trimmed.	62.92	6566524	15607461	38.66870466631312	15607461	42.049901646398474
../Pecs_raw_reads/20211019_rawData_quantseq//Sclero4_S1_R1_001.fastq.gz	Sclero4_S1_R1_001	Sclero4	Sclero4	Sclero	11417574	trimmed_reads/Sclero4_trimmed.fastq.gz	11230412	0.9836075509560964	STAR_align/Sclero4_trimmed.	49.79	5591510	20931798	25.888559597221416	20931798	27.6043844871807
../Pecs_raw_reads/20211019_rawData_quantseq//SWAT2h_1_S89_R1_001.fastq.gz	SWAT2h_1_S89_R1_001	SWAT2h_1	SWAT2h1	SWAT2h	13347790	trimmed_reads/SWAT2h_1_trimmed.fastq.gz	13126858	0.9834480464556304	STAR_align/SWAT2h_1_trimmed.	79.35	10416556	16085022	62.06023218370481	16085022	63.092932045725526
../Pecs_raw_reads/20211019_rawData_quantseq//SWAT2h_2_S95_R1_001.fastq.gz	SWAT2h_2_S95_R1_001	SWAT2h_2	SWAT2h2	SWAT2h	12602959	trimmed_reads/SWAT2h_2_trimmed.fastq.gz	12442124	0.9872383144307618	STAR_align/SWAT2h_2_trimmed.	84.98	10573200	13980439	72.46339689333074	13980439	73.53148209437487
../Pecs_raw_reads/20211019_rawData_quantseq//SWAT2h_3_S77_R1_001.fastq.gz	SWAT2h_3_S77_R1_001	SWAT2h_3	SWAT2h3	SWAT2h	11710678	trimmed_reads/SWAT2h_3_trimmed.fastq.gz	11447685	0.9775424616747213	STAR_align/SWAT2h_3_trimmed.	81.62	9343776	13444083	66.51428736344457	13444083	67.48960118737737
../Pecs_raw_reads/20211002_rawData_quantseq_extra//SWAT4h_2_S42_R1_001.fastq.gz	SWAT4h_2_S42_R1_001	SWAT4h_2_extra	SWAT4h2extra	SWAT4h	2650513	trimmed_reads/SWAT4h_2_extra_trimmed.fastq.gz	2611019	0.985099488287739	STAR_align/SWAT4h_2_extra_trimmed.	68.51	1788855	3297632	53.00615714549107	3297632	53.61747459995536
../Pecs_raw_reads/20211019_rawData_quantseq//SWAT4h_1_S83_R1_001.fastq.gz	SWAT4h_1_S83_R1_001	SWAT4h_1	SWAT4h1	SWAT4h	14405697	trimmed_reads/SWAT4h_1_trimmed.fastq.gz	14265309	0.990254688822068	STAR_align/SWAT4h_1_trimmed.	82.71	11798978	17011070	66.26290997568054	17011070	67.28022399531599
../Pecs_raw_reads/20211019_rawData_quantseq//SWAT4h_2_S8_R1_001.fastq.gz	SWAT4h_2_S8_R1_001	SWAT4h_2	SWAT4h2	SWAT4h	8096071	trimmed_reads/SWAT4h_2_trimmed.fastq.gz	7962933	0.9835552331495117	STAR_align/SWAT4h_2_trimmed.	69.08	5500424	10189478	52.74891412494341	10189478	53.35069176262023
../Pecs_raw_reads/20211019_rawData_quantseq//SWAT4h_3_S69_R1_001.fastq.gz	SWAT4h_3_S69_R1_001	SWAT4h_3	SWAT4h3	SWAT4h	9788145	trimmed_reads/SWAT4h_3_trimmed.fastq.gz	9638060	0.9846666554285822	STAR_align/SWAT4h_3_trimmed.	79.43	7655104	11634588	62.958207028903814	11634588	64.07051113455844
../Pecs_raw_reads/20211019_rawData_quantseq//SWAT8h_1_S82_R1_001.fastq.gz	SWAT8h_1_S82_R1_001	SWAT8h_1	SWAT8h1	SWAT8h	13709677	trimmed_reads/SWAT8h_1_trimmed.fastq.gz	13528148	0.9867590607714536	STAR_align/SWAT8h_1_trimmed.	83.03	11232848	15661838	67.93977820483138	15661838	69.62844973878545
../Pecs_raw_reads/20211019_rawData_quantseq//SWAT8h_2_S91_R1_001.fastq.gz	SWAT8h_2_S91_R1_001	SWAT8h_2	SWAT8h2	SWAT8h	11467931	trimmed_reads/SWAT8h_2_trimmed.fastq.gz	11311547	0.986363364062794	STAR_align/SWAT8h_2_trimmed.	81.97	9271875	13444329	65.84362075637988	13444329	67.23208722428616
../Pecs_raw_reads/20211019_rawData_quantseq//SWAT8h_3_S96_R1_001.fastq.gz	SWAT8h_3_S96_R1_001	SWAT8h_3	SWAT8h3	SWAT8h	11616141	trimmed_reads/SWAT8h_3_trimmed.fastq.gz	11371309	0.978923120853991	STAR_align/SWAT8h_3_trimmed.	79.57	9047805	13940430	61.449610951742514	13940430	63.1757270041168
../Pecs_raw_reads/20200831_rawData_joint//DM-108h-1_R1.fastq.gz	DM-108h-1_R1	DM-108h-1	DM108h1	DM-108h	15270048	trimmed_reads/DM-108h-1_trimmed.fastq.gz	15169282	0.9934010685493588	STAR_align/DM-108h-1_trimmed.	92.07	13966050	14525661	90.86726586831402	14525661	93.24096163334666
../Pecs_raw_reads/20200831_rawData_joint//DM-108h-2_R1.fastq.gz	DM-108h-2_R1	DM-108h-2	DM108h2	DM-108h	12923781	trimmed_reads/DM-108h-2_trimmed.fastq.gz	12812045	0.9913542329446776	STAR_align/DM-108h-2_trimmed.	89.54	11472111	12276927	88.26549999034775	12276927	90.74114393610063
../Pecs_raw_reads/20200831_rawData_joint//DM-108h-3_R1.fastq.gz	DM-108h-3_R1	DM-108h-3	DM108h3	DM-108h	23107684	trimmed_reads/DM-108h-3_trimmed.fastq.gz	23012665	0.9958879911980794	STAR_align/DM-108h-3_trimmed.	94.97	21854572	22228623	93.91385152377634	22228623	95.62926142568526
../Pecs_raw_reads/20200831_rawData_joint//DM-132h-1_R1.fastq.gz	DM-132h-1_R1	DM-132h-1	DM132h1	DM-132h	13768924	trimmed_reads/DM-132h-1_trimmed.fastq.gz	13632895	0.9901205787757996	STAR_align/DM-132h-1_trimmed.	91	12406375	13025959	89.93973495540712	13025959	92.32273032641973
../Pecs_raw_reads/20200831_rawData_joint//DM-132h-2_R1.fastq.gz	DM-132h-2_R1	DM-132h-2	DM132h2	DM-132h	11935013	trimmed_reads/DM-132h-2_trimmed.fastq.gz	11889850	0.9962159236860488	STAR_align/DM-132h-2_trimmed.	94.65	11254174	11482434	94.06106754020968	11482434	95.68622819865544
../Pecs_raw_reads/20200831_rawData_joint//DM-132h-3_R1.fastq.gz	DM-132h-3_R1	DM-132h-3	DM132h3	DM-132h	12180983	trimmed_reads/DM-132h-3_trimmed.fastq.gz	12095380	0.9929724062499716	STAR_align/DM-132h-3_trimmed.	94.19	11393128	11690977	92.42250669041604	11690977	94.64681181050993
../Pecs_raw_reads/20211019_rawData_quantseq//ELI1hAE1_S31_R1_001.fastq.gz	ELI1hAE1_S31_R1_001	ELI1hAE1	ELI1hAE1	ELI1hAE	14569874	trimmed_reads/ELI1hAE1_trimmed.fastq.gz	14289559	0.9807606435031628	STAR_align/ELI1hAE1_trimmed.	69.56	9939349	19404220	49.76375242086515	19404220	50.31043762645445
../Pecs_raw_reads/20211019_rawData_quantseq//ELI1hAE2_S11_R1_001.fastq.gz	ELI1hAE2_S11_R1_001	ELI1hAE2	ELI1hAE2	ELI1hAE	10114720	trimmed_reads/ELI1hAE2_trimmed.fastq.gz	9974033	0.986090865589952	STAR_align/ELI1hAE2_trimmed.	72.57	7238356	11504016	60.927071033280896	11504016	61.56728224300105
../Pecs_raw_reads/20211019_rawData_quantseq//ELI1hAE3_S12_R1_001.fastq.gz	ELI1hAE3_S12_R1_001	ELI1hAE3	ELI1hAE3	ELI1hAE	10877524	trimmed_reads/ELI1hAE3_trimmed.fastq.gz	10796147	0.99251879379903	STAR_align/ELI1hAE3_trimmed.	75.71	8173499	12621704	62.57331022815936	12621704	63.38952331634461
../Pecs_raw_reads/20211019_rawData_quantseq//ELI1hAM1_S48_R1_001.fastq.gz	ELI1hAM1_S48_R1_001	ELI1hAM1	ELI1hAM1	ELI1hAM	12440545	trimmed_reads/ELI1hAM1_trimmed.fastq.gz	12234565	0.983442847560135	STAR_align/ELI1hAM1_trimmed.	83.03	10158156	14460245	66.40432440805809	14460245	67.64722866037194
../Pecs_raw_reads/20211019_rawData_quantseq//ELI1hAM2_S43_R1_001.fastq.gz	ELI1hAM2_S43_R1_001	ELI1hAM2	ELI1hAM2	ELI1hAM	12743544	trimmed_reads/ELI1hAM2_trimmed.fastq.gz	12564240	0.9859298166977726	STAR_align/ELI1hAM2_trimmed.	82.47	10361902	13709091	72.80589209014661	13709091	73.56252139547401
../Pecs_raw_reads/20211019_rawData_quantseq//ELI1hAM3_S71_R1_001.fastq.gz	ELI1hAM3_S71_R1_001	ELI1hAM3	ELI1hAM3	ELI1hAM	9168083	trimmed_reads/ELI1hAM3_trimmed.fastq.gz	8999380	0.981598879504036	STAR_align/ELI1hAM3_trimmed.	85.53	7697028	10046478	73.23599374825686	10046478	74.54780670400115
../Pecs_raw_reads/20211002_rawData_quantseq_extra//ELI2hAE3_S39_R1_001.fastq.gz	ELI2hAE3_S39_R1_001	ELI2hAE3_extra	ELI2hAE3extra	ELI2hAE	4277158	trimmed_reads/ELI2hAE3_extra_trimmed.fastq.gz	4250991	0.9938821525882372	STAR_align/ELI2hAE3_extra_trimmed.	76.98	3272497	4652349	67.96035723029378	4652349	68.6694828784341
../Pecs_raw_reads/20211019_rawData_quantseq//ELI2hAE1_S10_R1_001.fastq.gz	ELI2hAE1_S10_R1_001	ELI2hAE1	ELI2hAE1	ELI2hAE	11174929	trimmed_reads/ELI2hAE1_trimmed.fastq.gz	11026975	0.9867601843376363	STAR_align/ELI2hAE1_trimmed.	78.72	8679963	12092244	69.1165758812012	12092244	69.92372135395217
../Pecs_raw_reads/20211019_rawData_quantseq//ELI2hAE2_S30_R1_001.fastq.gz	ELI2hAE2_S30_R1_001	ELI2hAE2	ELI2hAE2	ELI2hAE	15869670	trimmed_reads/ELI2hAE2_trimmed.fastq.gz	15586940	0.9821842546190312	STAR_align/ELI2hAE2_trimmed.	68.45	10669190	21420697	48.53658123262749	21420697	49.07754402202692
../Pecs_raw_reads/20211019_rawData_quantseq//ELI2hAE3_S14_R1_001.fastq.gz	ELI2hAE3_S14_R1_001	ELI2hAE3	ELI2hAE3	ELI2hAE	8826458	trimmed_reads/ELI2hAE3_trimmed.fastq.gz	8744424	0.990705898107712	STAR_align/ELI2hAE3_trimmed.	78.39	6854320	9699749	68.08498859094189	9699749	68.80638870139836
../Pecs_raw_reads/20211019_rawData_quantseq//ELI2hAM1_S61_R1_001.fastq.gz	ELI2hAM1_S61_R1_001	ELI2hAM1	ELI2hAM1	ELI2hAM	7957480	trimmed_reads/ELI2hAM1_trimmed.fastq.gz	7837148	0.9848781272463142	STAR_align/ELI2hAM1_trimmed.	87.18	6832706	8759651	74.9795511259524	8759651	75.82394549737198
../Pecs_raw_reads/20211019_rawData_quantseq//ELI2hAM2_S18_R1_001.fastq.gz	ELI2hAM2_S18_R1_001	ELI2hAM2	ELI2hAM2	ELI2hAM	9710246	trimmed_reads/ELI2hAM2_trimmed.fastq.gz	9584289	0.9870284439755698	STAR_align/ELI2hAM2_trimmed.	71.78	6879862	12801778	51.96764855631773	12801778	52.58237566688002
../Pecs_raw_reads/20211019_rawData_quantseq//ELI2hAM3_S67_R1_001.fastq.gz	ELI2hAM3_S67_R1_001	ELI2hAM3	ELI2hAM3	ELI2hAM	6973384	trimmed_reads/ELI2hAM3_trimmed.fastq.gz	6825491	0.978791788893312	STAR_align/ELI2hAM3_trimmed.	80.6	5501096	7900693	67.06692691387957	7900693	67.6962767696454
../Pecs_raw_reads/20200914_rawData_joint//L-D-12h-1_R1.fastq.gz	L-D-12h-1_R1	L-D-12h-1	LD12h1	L-D-12h	13636000	trimmed_reads/L-D-12h-1_trimmed.fastq.gz	13583179	0.9961263567028454	STAR_align/L-D-12h-1_trimmed.	89.87	12207745	13254712	86.8000300572355	13254712	88.76103079418097
../Pecs_raw_reads/20200914_rawData_joint//L-D-12h-2_R1.fastq.gz	L-D-12h-2_R1	L-D-12h-2	LD12h2	L-D-12h	12790798	trimmed_reads/L-D-12h-2_trimmed.fastq.gz	12728165	0.995103276589936	STAR_align/L-D-12h-2_trimmed.	89.23	11356743	12644656	85.61456317989197	12644656	87.03065548007
../Pecs_raw_reads/20200914_rawData_joint//L-D-12h-3_R1.fastq.gz	L-D-12h-3_R1	L-D-12h-3	LD12h3	L-D-12h	13234483	trimmed_reads/L-D-12h-3_trimmed.fastq.gz	13086833	0.9888435385046777	STAR_align/L-D-12h-3_trimmed.	85.88	11239090	13386450	78.63523189493854	13386450	81.1568638436628
../Pecs_raw_reads/20200914_rawData_joint//L-D-18h-1_R1.fastq.gz	L-D-18h-1_R1	L-D-18h-1	LD18h1	L-D-18h	14447183	trimmed_reads/L-D-18h-1_trimmed.fastq.gz	14391498	0.99614561537706	STAR_align/L-D-18h-1_trimmed.	88.73	12768995	14433582	84.37451631895672	14433582	85.87158752415027
../Pecs_raw_reads/20200914_rawData_joint//L-D-18h-2_R1.fastq.gz	L-D-18h-2_R1	L-D-18h-2	LD18h2	L-D-18h	12225656	trimmed_reads/L-D-18h-2_trimmed.fastq.gz	12098527	0.9896014577868052	STAR_align/L-D-18h-2_trimmed.	82.15	9939174	12963539	73.52392737816425	12963539	74.83451856780776
../Pecs_raw_reads/20200914_rawData_joint//L-D-18h-3_R1.fastq.gz	L-D-18h-3_R1	L-D-18h-3	LD18h3	L-D-18h	13367134	trimmed_reads/L-D-18h-3_trimmed.fastq.gz	13265184	0.9923730846118548	STAR_align/L-D-18h-3_trimmed.	84.47	11204654	13818898	76.88349678823883	13818898	78.50735275707224
../Pecs_raw_reads/20200914_rawData_joint//L-D-24h-1_R1.fastq.gz	L-D-24h-1_R1	L-D-24h-1	LD24h1	L-D-24h	15264941	trimmed_reads/L-D-24h-1_trimmed.fastq.gz	15168193	0.9936620783532673	STAR_align/L-D-24h-1_trimmed.	87.52	13274867	15321760	82.64444163072649	15321760	83.85808810476081
../Pecs_raw_reads/20200914_rawData_joint//L-D-24h-2_R1.fastq.gz	L-D-24h-2_R1	L-D-24h-2	LD24h2	L-D-24h	10719170	trimmed_reads/L-D-24h-2_trimmed.fastq.gz	10609854	0.989801822342588	STAR_align/L-D-24h-2_trimmed.	89.07	9450411	10333509	86.54307070328191	10333509	88.2581705788421
../Pecs_raw_reads/20200914_rawData_joint//L-D-24h-3_R1.fastq.gz	L-D-24h-3_R1	L-D-24h-3	LD24h3	L-D-24h	12166045	trimmed_reads/L-D-24h-3_trimmed.fastq.gz	12039457	0.989594975195308	STAR_align/L-D-24h-3_trimmed.	88.95	10709577	11734260	86.19715261124263	11734260	87.90593526988494
../Pecs_raw_reads/20211002_rawData_quantseq_extra//LI12hAE1_S40_R1_001.fastq.gz	LI12hAE1_S40_R1_001	LI12hAE1_extra	LI12hAE1extra	LI12hAE	6568360	trimmed_reads/LI12hAE1_extra_trimmed.fastq.gz	6520924	0.9927781059503438	STAR_align/LI12hAE1_extra_trimmed.	72.92	4755018	8561778	53.56642043276525	8561778	54.346176693672746
../Pecs_raw_reads/20211019_rawData_quantseq//LI12hAE1_S36_R1_001.fastq.gz	LI12hAE1_S36_R1_001	LI12hAE1	LI12hAE1	LI12hAE	8270260	trimmed_reads/LI12hAE1_trimmed.fastq.gz	8157536	0.9863699569300118	STAR_align/LI12hAE1_trimmed.	73.67	6009592	10850207	53.36800486847855	10850207	54.14579648111783
../Pecs_raw_reads/20211019_rawData_quantseq//LI12hAE2_S54_R1_001.fastq.gz	LI12hAE2_S54_R1_001	LI12hAE2	LI12hAE2	LI12hAE	11042551	trimmed_reads/LI12hAE2_trimmed.fastq.gz	10678311	0.96701486821297	STAR_align/LI12hAE2_trimmed.	62.76	6701919	15787880	41.40363367342544	15787880	42.00211808045159
../Pecs_raw_reads/20211019_rawData_quantseq//LI12hAE3_S21_R1_001.fastq.gz	LI12hAE3_S21_R1_001	LI12hAE3	LI12hAE3	LI12hAE	9000615	trimmed_reads/LI12hAE3_trimmed.fastq.gz	8932996	0.992487291146216	STAR_align/LI12hAE3_trimmed.	80.33	7176031	10473941	65.82481226502995	10473941	66.69105735844798
../Pecs_raw_reads/20211002_rawData_quantseq_extra//LI12hAM2_S9_R1_001.fastq.gz	LI12hAM2_S9_R1_001	LI12hAM2_extra	LI12hAM2extra	LI12hAM	13177484	trimmed_reads/LI12hAM2_extra_trimmed.fastq.gz	13026034	0.9885069107274196	STAR_align/LI12hAM2_extra_trimmed.	78.52	10227966	14820836	65.67520887485699	14820836	67.27692014134695
../Pecs_raw_reads/20211019_rawData_quantseq//LI12hAM1_S12_R1_001.fastq.gz	LI12hAM1_S12_R1_001	LI12hAM1	LI12hAM1	LI12hAM	1506705	trimmed_reads/LI12hAM1_trimmed.fastq.gz	1477056	0.9803219608350672	STAR_align/LI12hAM1_trimmed.	72.68	1073510	1810690	56.98717063660814	1810690	58.100944943640265
../Pecs_raw_reads/20211019_rawData_quantseq//LI12hAM2_S19_R1_001.fastq.gz	LI12hAM2_S19_R1_001	LI12hAM2	LI12hAM2	LI12hAM	6744659	trimmed_reads/LI12hAM2_trimmed.fastq.gz	6664783	0.9881571477520212	STAR_align/LI12hAM2_trimmed.	79.09	5270930	7665508	65.43701996006006	7665508	67.01377129865365
../Pecs_raw_reads/20211019_rawData_quantseq//LI12hAM3_S68_R1_001.fastq.gz	LI12hAM3_S68_R1_001	LI12hAM3	LI12hAM3	LI12hAM	11454799	trimmed_reads/LI12hAM3_trimmed.fastq.gz	11228086	0.9802080333317068	STAR_align/LI12hAM3_trimmed.	71.03	7975806	15354764	49.92737107519204	15354764	50.99698048110671
../Pecs_raw_reads/20211019_rawData_quantseq//LI18hAE1_S33_R1_001.fastq.gz	LI18hAE1_S33_R1_001	LI18hAE1	LI18hAE1	LI18hAE	13788147	trimmed_reads/LI18hAE1_trimmed.fastq.gz	13472276	0.97709112036592	STAR_align/LI18hAE1_trimmed.	69.4	9349272	19954885	45.0860428411389	19954885	45.92460943773918
../Pecs_raw_reads/20211019_rawData_quantseq//LI18hAE2_S9_R1_001.fastq.gz	LI18hAE2_S9_R1_001	LI18hAE2	LI18hAE2	LI18hAE	10491587	trimmed_reads/LI18hAE2_trimmed.fastq.gz	10374066	0.9887985487800844	STAR_align/LI18hAE2_trimmed.	70.97	7362248	13973913	51.00431783137622	13973913	51.79986450466666
../Pecs_raw_reads/20211019_rawData_quantseq//LI18hAE3_S29_R1_001.fastq.gz	LI18hAE3_S29_R1_001	LI18hAE3	LI18hAE3	LI18hAE	14474992	trimmed_reads/LI18hAE3_trimmed.fastq.gz	14239984	0.9837645506125324	STAR_align/LI18hAE3_trimmed.	68.85	9803892	20067928	47.47400429182325	20067928	48.164872825934
../Pecs_raw_reads/20211002_rawData_quantseq_extra//LI18hAM2_S1_R1_001.fastq.gz	LI18hAM2_S1_R1_001	LI18hAM2_extra	LI18hAM2extra	LI18hAM	12951724	trimmed_reads/LI18hAM2_extra_trimmed.fastq.gz	12683761	0.9793106307700812	STAR_align/LI18hAM2_extra_trimmed.	73.69	9346309	15656129	57.10061535645241	15656129	58.15859718580499
../Pecs_raw_reads/20211002_rawData_quantseq_extra//LI18hAM3_S4_R1_001.fastq.gz	LI18hAM3_S4_R1_001	LI18hAM3_extra	LI18hAM3extra	LI18hAM	11554060	trimmed_reads/LI18hAM3_extra_trimmed.fastq.gz	11318494	0.9796118420710987	STAR_align/LI18hAM3_extra_trimmed.	64.61	7312349	15113946	47.2832442301964	15113946	48.061426182149916
../Pecs_raw_reads/20211019_rawData_quantseq//LI18hAM1_S93_R1_001.fastq.gz	LI18hAM1_S93_R1_001	LI18hAM1	LI18hAM1	LI18hAM	9521318	trimmed_reads/LI18hAM1_trimmed.fastq.gz	9386358	0.9858254918069116	STAR_align/LI18hAM1_trimmed.	77.75	7297512	12030074	58.191329496393784	12030074	59.181223656645834
../Pecs_raw_reads/20211019_rawData_quantseq//LI18hAM2_S3_R1_001.fastq.gz	LI18hAM2_S3_R1_001	LI18hAM2	LI18hAM2	LI18hAM	15695835	trimmed_reads/LI18hAM2_trimmed.fastq.gz	15341036	0.9773953408659048	STAR_align/LI18hAM2_trimmed.	74.06	11361056	19123521	56.8243107532342	19123521	57.859512377453925
../Pecs_raw_reads/20211019_rawData_quantseq//LI18hAM3_S11_R1_001.fastq.gz	LI18hAM3_S11_R1_001	LI18hAM3	LI18hAM3	LI18hAM	2153559	trimmed_reads/LI18hAM3_trimmed.fastq.gz	2104069	0.9770194361984046	STAR_align/LI18hAM3_trimmed.	64.84	1364250	2836537	46.98507370078374	2836537	47.75047884092469
../Pecs_raw_reads/20211002_rawData_quantseq_extra//MP-1_5h1_S38_R1_001.fastq.gz	MP-1_5h1_S38_R1_001	MP-1_5h1_extra	MP15h1extra	MP-1_5h	4035164	trimmed_reads/MP-1_5h1_extra_trimmed.fastq.gz	4010187	0.9938101648408838	STAR_align/MP-1_5h1_extra_trimmed.	62.8	2518503	5291991	46.76659503011248	5291991	47.2129865678154
../Pecs_raw_reads/20211002_rawData_quantseq_extra//MP-1_5h2_S37_R1_001.fastq.gz	MP-1_5h2_S37_R1_001	MP-1_5h2_extra	MP15h2extra	MP-1_5h	2835548	trimmed_reads/MP-1_5h2_extra_trimmed.fastq.gz	2806709	0.9898294791694586	STAR_align/MP-1_5h2_extra_trimmed.	46.2	1296819	4281570	30.19938947629024	4281570	30.499396249506606
../Pecs_raw_reads/20211019_rawData_quantseq//MP-1_5h_1_S6_R1_001.fastq.gz	MP-1_5h_1_S6_R1_001	MP-1_5h_1	MP15h1	MP-1_5h	8625634	trimmed_reads/MP-1_5h_1_trimmed.fastq.gz	8537326	0.9897621438609614	STAR_align/MP-1_5h_1_trimmed.	64.51	5507651	11499823	46.919243887492875	11499823	47.38399017097915
../Pecs_raw_reads/20211019_rawData_quantseq//MP-1_5h_2_S3_R1_001.fastq.gz	MP-1_5h_2_S3_R1_001	MP-1_5h_2	MP15h2	MP-1_5h	8949607	trimmed_reads/MP-1_5h_2_trimmed.fastq.gz	8785668	0.9816819889409668	STAR_align/MP-1_5h_2_trimmed.	47.84	4203359	13710776	30.5527272854578	13710776	30.864146566175393
../Pecs_raw_reads/20211019_rawData_quantseq//MP-3_5h_1_S4_R1_001.fastq.gz	MP-3_5h_1_S4_R1_001	MP-3_5h_1	MP35h1	MP-3_5h	10232662	trimmed_reads/MP-3_5h_1_trimmed.fastq.gz	10058217	0.9829521389448806	STAR_align/MP-3_5h_1_trimmed.	53.8	5411574	16975331	31.744706480244773	16975331	32.13112604402235
../Pecs_raw_reads/20211019_rawData_quantseq//MP-3_5h_2_S2_R1_001.fastq.gz	MP-3_5h_2_S2_R1_001	MP-3_5h_2	MP35h2	MP-3_5h	10133497	trimmed_reads/MP-3_5h_2_trimmed.fastq.gz	9961203	0.982997577243078	STAR_align/MP-3_5h_2_trimmed.	56.67	5644645	16078472	34.6667643542247	16078472	34.99751717700538
../Pecs_raw_reads/20200914_rawData_joint//OIDIA-01_R1.fastq.gz	OIDIA-01_R1	OIDIA-01	OIDIA01	OIDIA-0h	11826485	trimmed_reads/OIDIA-01_trimmed.fastq.gz	11736627	0.9924019689704928	STAR_align/OIDIA-01_trimmed.	90.41	10611082	12023509	52.40273035101484	12023509	52.94137510106243
../Pecs_raw_reads/20200914_rawData_joint//OIDIA-02_R1.fastq.gz	OIDIA-02_R1	OIDIA-02	OIDIA02	OIDIA-0h	8360306	trimmed_reads/OIDIA-02_trimmed.fastq.gz	8278997	0.9902743990471162	STAR_align/OIDIA-02_trimmed.	90.71	7510234	8313046	46.31947182777528	8313046	47.071494612203516
../Pecs_raw_reads/20200914_rawData_joint//OIDIA-03_R1.fastq.gz	OIDIA-03_R1	OIDIA-03	OIDIA03	OIDIA-0h	12206802	trimmed_reads/OIDIA-03_trimmed.fastq.gz	12112420	0.9922680813533308	STAR_align/OIDIA-03_trimmed.	92.07	11151856	12121594	50.66781646044242	12121594	51.5362336009604
../Pecs_raw_reads/20211019_rawData_quantseq//SWAT16h_1_S94_R1_001.fastq.gz	SWAT16h_1_S94_R1_001	SWAT16h_1	SWAT16h1	SWAT16h	13350798	trimmed_reads/SWAT16h_1_trimmed.fastq.gz	13144929	0.9845800228570608	STAR_align/SWAT16h_1_trimmed.	89.28	11735975	14047641	79.04214664939117	14047641	80.5871249130014
../Pecs_raw_reads/20211019_rawData_quantseq//SWAT16h_2_S87_R1_001.fastq.gz	SWAT16h_2_S87_R1_001	SWAT16h_2	SWAT16h2	SWAT16h	11713001	trimmed_reads/SWAT16h_2_trimmed.fastq.gz	11528259	0.9842276116940484	STAR_align/SWAT16h_2_trimmed.	80.39	9267976	13956839	63.48411699812544	13956839	64.7467309754021
../Pecs_raw_reads/20211019_rawData_quantseq//SWAT16h_3_S63_R1_001.fastq.gz	SWAT16h_3_S63_R1_001	SWAT16h_3	SWAT16h3	SWAT16h	11085186	trimmed_reads/SWAT16h_3_trimmed.fastq.gz	10930574	0.9860523765681514	STAR_align/SWAT16h_3_trimmed.	72.6	7935715	14458095	52.88982400516804	14458095	53.77371638518076
../Pecs_raw_reads/20211019_rawData_quantseq//SWAT24h_1_S60_R1_001.fastq.gz	SWAT24h_1_S60_R1_001	SWAT24h_1	SWAT24h1	SWAT24h	7485640	trimmed_reads/SWAT24h_1_trimmed.fastq.gz	7380466	0.9859498987394532	STAR_align/SWAT24h_1_trimmed.	88.32	6518234	8260877	75.23479649920947	8260877	76.56286372500159
../Pecs_raw_reads/20211019_rawData_quantseq//SWAT24h_2_S90_R1_001.fastq.gz	SWAT24h_2_S90_R1_001	SWAT24h_2	SWAT24h2	SWAT24h	12397827	trimmed_reads/SWAT24h_2_trimmed.fastq.gz	12160750	0.9808775360391784	STAR_align/SWAT24h_2_trimmed.	81.41	9900200	15000139	63.41637900822119	15000139	64.47006257742012
../Pecs_raw_reads/20211019_rawData_quantseq//SWAT24h_3_S76_R1_001.fastq.gz	SWAT24h_3_S76_R1_001	SWAT24h_3	SWAT24h3	SWAT24h	9964762	trimmed_reads/SWAT24h_3_trimmed.fastq.gz	9832153	0.9866922059954868	STAR_align/SWAT24h_3_trimmed.	81.2	7984086	11966107	64.10267767119248	11966107	65.16348215839956
../Pecs_raw_reads/20211019_rawData_quantseq//Scratchy1_S74_R1_001.fastq.gz	Scratchy1_S74_R1_001	Scratchy1	Scratchy1	Scratchy	13442675	trimmed_reads/Scratchy1_trimmed.fastq.gz	13084200	0.9733330605701618	STAR_align/Scratchy1_trimmed.	87.41	11437253	14378540	75.75585560147276	14378540	76.44647509413333
../Pecs_raw_reads/20211019_rawData_quantseq//Scratchy2_S57_R1_001.fastq.gz	Scratchy2_S57_R1_001	Scratchy2	Scratchy2	Scratchy	12742069	trimmed_reads/Scratchy2_trimmed.fastq.gz	11953593	0.9381202534690404	STAR_align/Scratchy2_trimmed.	87.74	10488363	13051670	75.97537326640959	13051670	76.64439110090893
../Pecs_raw_reads/20211019_rawData_quantseq//Scratchy3_S26_R1_001.fastq.gz	Scratchy3_S26_R1_001	Scratchy3	Scratchy3	Scratchy	16183689	trimmed_reads/Scratchy3_trimmed.fastq.gz	15564507	0.9617403671066592	STAR_align/Scratchy3_trimmed.	93.9	14615204	15230069	90.98773616849668	15230069	91.73202038677566
../Pecs_raw_reads/20200914_rawData_joint//LI-24h-AE-1_R1.fastq.gz	LI-24h-AE-1_R1	LI-24h-AE-1	LI24hAE1	LI-24h-AE	13057732	trimmed_reads/LI-24h-AE-1_trimmed.fastq.gz	12948396	0.9916267235382072	STAR_align/LI-24h-AE-1_trimmed.	92.69	12002013	13054346	84.89435625499738	13054346	88.158464621667
../Pecs_raw_reads/20200914_rawData_joint//LI-24h-AE-2_R1.fastq.gz	LI-24h-AE-2_R1	LI-24h-AE-2	LI24hAE2	LI-24h-AE	14829468	trimmed_reads/LI-24h-AE-2_trimmed.fastq.gz	14754501	0.9949447276193588	STAR_align/LI-24h-AE-2_trimmed.	91.9	13558706	14726966	86.8328547780989	14726966	89.10603175155019
../Pecs_raw_reads/20200914_rawData_joint//LI-24h-AE-3_R1.fastq.gz	LI-24h-AE-3_R1	LI-24h-AE-3	LI24hAE3	LI-24h-AE	12326397	trimmed_reads/LI-24h-AE-3_trimmed.fastq.gz	12251056	0.9938878327543724	STAR_align/LI-24h-AE-3_trimmed.	86.15	10554849	12527646	79.10609064145012	12527646	81.63298196644445
../Pecs_raw_reads/20200914_rawData_joint//LI-24h-AM-1_R1.fastq.gz	LI-24h-AM-1_R1	LI-24h-AM-1	LI24hAM1	LI-24h-AM	15016430	trimmed_reads/LI-24h-AM-1_trimmed.fastq.gz	14919093	0.9935179666538584	STAR_align/LI-24h-AM-1_trimmed.	90.48	13499526	14953692	85.00095494811582	14953692	87.46169842203517
../Pecs_raw_reads/20200914_rawData_joint//LI-24h-AM-2_R1.fastq.gz	LI-24h-AM-2_R1	LI-24h-AM-2	LI24hAM2	LI-24h-AM	15342619	trimmed_reads/LI-24h-AM-2_trimmed.fastq.gz	15247884	0.9938253697103474	STAR_align/LI-24h-AM-2_trimmed.	90.65	13821828	15195126	86.75713514978422	15195126	88.69879723274424
../Pecs_raw_reads/20200914_rawData_joint//LI-24h-AM-3_R1.fastq.gz	LI-24h-AM-3_R1	LI-24h-AM-3	LI24hAM3	LI-24h-AM	13750269	trimmed_reads/LI-24h-AM-3_trimmed.fastq.gz	13697729	0.9961789838438796	STAR_align/LI-24h-AM-3_trimmed.	93.24	12771932	13423755	91.10830017383364	13423755	92.84076623865677
../Pecs_raw_reads/20200914_rawData_joint//LI-24h-HK-1_R1.fastq.gz	LI-24h-HK-1_R1	LI-24h-HK-1	LI24hHK1	LI-24h-HK	14319627	trimmed_reads/LI-24h-HK-1_trimmed.fastq.gz	14263142	0.9960554140132282	STAR_align/LI-24h-HK-1_trimmed.	90.89	12964169	14040806	87.1184531714205	14040806	89.47710694101178
../Pecs_raw_reads/20200914_rawData_joint//LI-24h-HK-2_R1.fastq.gz	LI-24h-HK-2_R1	LI-24h-HK-2	LI24hHK2	LI-24h-HK	14084513	trimmed_reads/LI-24h-HK-2_trimmed.fastq.gz	14018717	0.9953284859760504	STAR_align/LI-24h-HK-2_trimmed.	89.19	12503129	13864395	85.28707527447105	13864395	87.68096985119077
../Pecs_raw_reads/20200914_rawData_joint//LI-24h-HK-3_R1.fastq.gz	LI-24h-HK-3_R1	LI-24h-HK-3	LI24hHK3	LI-24h-HK	14103249	trimmed_reads/LI-24h-HK-3_trimmed.fastq.gz	14025698	0.9945011961428178	STAR_align/LI-24h-HK-3_trimmed.	90.52	12696250	13980585	85.42314931742841	13980585	87.69904120607256
../Pecs_raw_reads/20200914_rawData_joint//OIDIA-0707_R1.fastq.gz	OIDIA-0707_R1	OIDIA-0707	OIDIA0707	OIDIA-18h	11859550	trimmed_reads/OIDIA-0707_trimmed.fastq.gz	11734346	0.9894427697509602	STAR_align/OIDIA-0707_trimmed.	82.36	9664754	11969665	75.56868968346232	11969665	76.41152864344993
../Pecs_raw_reads/20200914_rawData_joint//OIDIA-0714_R1.fastq.gz	OIDIA-0714_R1	OIDIA-0714	OIDIA0714	OIDIA-18h	13096489	trimmed_reads/OIDIA-0714_trimmed.fastq.gz	12991323	0.9919699088816858	STAR_align/OIDIA-0714_trimmed.	81.73	10618083	13861721	73.35770933493755	13861721	73.81350410962679
../Pecs_raw_reads/20200914_rawData_joint//OIDIA-0721_R1.fastq.gz	OIDIA-0721_R1	OIDIA-0721	OIDIA0721	OIDIA-18h	13115262	trimmed_reads/OIDIA-0721_trimmed.fastq.gz	13010440	0.9920076320244308	STAR_align/OIDIA-0721_trimmed.	81.54	10608432	13756403	73.80219960116028	13756403	74.32802019539555
../Pecs_raw_reads/20200831_rawData_joint//DM-156h-AE-1_R1.fastq.gz	DM-156h-AE-1_R1	DM-156h-AE-1	DM156hAE1	DM-156h-AE	12375983	trimmed_reads/DM-156h-AE-1_trimmed.fastq.gz	12260995	0.9907087784461244	STAR_align/DM-156h-AE-1_trimmed.	87.98	10786856	12467176	82.14298891745813	12467176	84.18332267066737
../Pecs_raw_reads/20200831_rawData_joint//DM-156h-AE-2_R1.fastq.gz	DM-156h-AE-2_R1	DM-156h-AE-2	DM156hAE2	DM-156h-AE	14220062	trimmed_reads/DM-156h-AE-2_trimmed.fastq.gz	14120326	0.9929862471767	STAR_align/DM-156h-AE-2_trimmed.	91.09	12862808	13688775	89.39592476317274	13688775	91.30074093554755
../Pecs_raw_reads/20200914_rawData_joint//DM-156h-AE-3_R1.fastq.gz	DM-156h-AE-3_R1	DM-156h-AE-3	DM156hAE3	DM-156h-AE	14324735	trimmed_reads/DM-156h-AE-3_trimmed.fastq.gz	14202355	0.991456735499819	STAR_align/DM-156h-AE-3_trimmed.	89.49	12710224	13387808	89.99584547373252	13387808	92.48219723497678
../Pecs_raw_reads/20200914_rawData_joint//DM-156h-AM-1_R1.fastq.gz	DM-156h-AM-1_R1	DM-156h-AM-1	DM156hAM1	DM-156h-AM	12942650	trimmed_reads/DM-156h-AM-1_trimmed.fastq.gz	12847553	0.9926524320753478	STAR_align/DM-156h-AM-1_trimmed.	89	11434847	12262199	88.42497173630929	12262199	90.65529763462492
../Pecs_raw_reads/20200914_rawData_joint//DM-156h-AM-2_R1.fastq.gz	DM-156h-AM-2_R1	DM-156h-AM-2	DM156hAM2	DM-156h-AM	14614796	trimmed_reads/DM-156h-AM-2_trimmed.fastq.gz	14556769	0.9960295716751708	STAR_align/DM-156h-AM-2_trimmed.	88.98	12952035	14012197	87.3168497416929	14012197	89.57855788068066
../Pecs_raw_reads/20200914_rawData_joint//DM-156h-AM-3_R1.fastq.gz	DM-156h-AM-3_R1	DM-156h-AM-3	DM156hAM3	DM-156h-AM	14324709	trimmed_reads/DM-156h-AM-3_trimmed.fastq.gz	14268296	0.996061839720444	STAR_align/DM-156h-AM-3_trimmed.	86.36	12321697	13965562	82.95586672416047	13965562	85.41401341385331
../Pecs_raw_reads/20211019_rawData_quantseq//HK_plus_7_5_1_S42_R1_001.fastq.gz	HK_plus_7_5_1_S42_R1_001	HK_plus_7_5_1	HKplus751	HK_plus_7_5	11607985	trimmed_reads/HK_plus_7_5_1_trimmed.fastq.gz	11470398	0.9881472107346796	STAR_align/HK_plus_7_5_1_trimmed.	76.92	8823114	14556134	58.63023794642176	14556134	59.361922609396146
../Pecs_raw_reads/20211019_rawData_quantseq//HK_plus_7_5_2_S45_R1_001.fastq.gz	HK_plus_7_5_2_S45_R1_001	HK_plus_7_5_2	HKplus752	HK_plus_7_5	14340119	trimmed_reads/HK_plus_7_5_2_trimmed.fastq.gz	13986605	0.9753479033193518	STAR_align/HK_plus_7_5_2_trimmed.	76.35	10678119	18743991	55.10555889618172	18743991	55.8583601539288
../Pecs_raw_reads/20211019_rawData_quantseq//HK_plus_7_5_3_S46_R1_001.fastq.gz	HK_plus_7_5_3_S46_R1_001	HK_plus_7_5_3	HKplus753	HK_plus_7_5	13297578	trimmed_reads/HK_plus_7_5_3_trimmed.fastq.gz	12908907	0.9707712938401264	STAR_align/HK_plus_7_5_3_trimmed.	66.1	8532736	18983789	44.137753532764194	18983789	44.53042540664564
